Workbook

Sheet Sheet1
A1: sector_id | B1: sector_aggregated | C1: electricity_demand | D1: sector_code | E1: From 10 to under 50 bill. Dongs | F1: From 50 to under 200 bill. dongs | G1: From 200 to under 500 bill. Dongs | H1: From 500 bill. dongs and over | I1: Total | J1: string_1 | K1: string_2 | L1: string_3 | M1: string_4 | N1: string_5 | O1: string_6 | P1: string_7 | Q1: string_8 | R1: string_9 | S1: string_10
A2: 1 | B2: Food, beverages, and tobacco | C2: =[1]Electricity_sales!$C$18+[1]Electricity_sales!$C$19+[1]Electricity_sales!$C$20 -> 22164.317 | D2: C3 | E2: =stats_by_economic_sector!B4+stats_by_economic_sector!B5+stats_by_economic_sector!B6 -> 298 | F2: =stats_by_economic_sector!C4+stats_by_economic_sector!C5+stats_by_economic_sector!C6 -> 266 | G2: =stats_by_economic_sector!D4+stats_by_economic_sector!D5+stats_by_economic_sector!D6 -> 154 | H2: =stats_by_economic_sector!E4+stats_by_economic_sector!E5+stats_by_economic_sector!E6 -> 183 | I2: =stats_by_economic_sector!F4+stats_by_economic_sector!F5+stats_by_economic_sector!F6 -> 1284 | J2: Food manufacturer | K2: Food processing company | L2: Frozen food manufacturer | M2: Food products supplier | N2: Food manufacturing supply | O2: Food and beverage exporter | P2: Beverage distributor | Q2: Tobacco supplier
A3: 2 | B3: Textiles and textile products | C3: =[1]Electricity_sales!$C$21+[1]Electricity_sales!$C$22 -> 12541.208 | D3: C4 | E3: =stats_by_economic_sector!B7+stats_by_economic_sector!B8 -> 433 | F3: =stats_by_economic_sector!C7+stats_by_economic_sector!C8 -> 199 | G3: =stats_by_economic_sector!D7+stats_by_economic_sector!D8 -> 97 | H3: =stats_by_economic_sector!E7+stats_by_economic_sector!E8 -> 127 | I3: =stats_by_economic_sector!F7+stats_by_economic_sector!F8 -> 2465 | J3: Clothes and fabric manufacturer | K3: Fabric product manufacturer | L3: Textile mills | M3: Cotton mill | N3: Fabric wholesaler | O3: Clothing supplier | P3: Knitwear manufacturer
A4: 3 | B4: Leather, leather products, and footwear | C4: =[1]Electricity_sales!$C$23 -> 4509.4412 | D4: C5 | E4: =stats_by_economic_sector!B9 -> 462 | F4: =stats_by_economic_sector!C9 -> 287 | G4: =stats_by_economic_sector!D9 -> 139 | H4: =stats_by_economic_sector!E9 -> 158 | I4: =stats_by_economic_sector!F9 -> 1632 | J4: Leather goods manufacturer | K4: Leather goods supplier | L4: Shoe factory
A5: 4 | B5: Wood and products of wood and cork | C5: =[1]Electricity_sales!$C$24 -> 6093.1519 | D5: C6 | E5: =stats_by_economic_sector!B10 -> 484 | F5: =stats_by_economic_sector!C10 -> 328 | G5: =stats_by_economic_sector!D10 -> 177 | H5: =stats_by_economic_sector!E10 -> 187 | I5: =stats_by_economic_sector!F10 -> 1930 | J5: Plywood supplier | K5: Saw mill | L5: Wood supplier | M5: Furniture manufacturer
A6: 5 | B6: Pulp, paper, paper products, printing, and publishing | C6: =[1]Electricity_sales!$C$25+[1]Electricity_sales!$C$26 -> 4242.3093 | D6: C7 | E6: =stats_by_economic_sector!B11+stats_by_economic_sector!B12 -> 1255 | F6: =stats_by_economic_sector!C11+stats_by_economic_sector!C12 -> 669 | G6: =stats_by_economic_sector!D11+stats_by_economic_sector!D12 -> 269 | H6: =stats_by_economic_sector!E11+stats_by_economic_sector!E12 -> 392 | I6: =stats_by_economic_sector!F11+stats_by_economic_sector!F12 -> 4845 | J6: Paper mill | K6: Paper distributor
A7: 6 | B7: Coke, refined petroleum, and nuclear fuel | C7: =[1]Electricity_sales!$C$27 -> 231.51433 | D7: C8 | E7: =stats_by_economic_sector!B13 -> 685 | F7: =stats_by_economic_sector!C13 -> 346 | G7: =stats_by_economic_sector!D13 -> 121 | H7: =stats_by_economic_sector!E13 -> 156 | I7: =stats_by_economic_sector!F13 -> 2909 | J7: Oil refinery | K7: Oil & natural gas company | L7: Fuel supplier
A8: 7 | B8: Chemicals and chemical products | C8: =[1]Electricity_sales!$C$28 -> 2823.966 | D8: C9 | E8: =stats_by_economic_sector!B14+stats_by_economic_sector!B15 -> 1723 | F8: =stats_by_economic_sector!C14+stats_by_economic_sector!C15 -> 443 | G8: =stats_by_economic_sector!D14+stats_by_economic_sector!D15 -> 145 | H8: =stats_by_economic_sector!E14+stats_by_economic_sector!E15 -> 90 | I8: =stats_by_economic_sector!F14+stats_by_economic_sector!F15 -> 10678 | J8: Chemical plant | K8: Chemical manufacturer | L8: Chemical industry | M8: Pharmaceutical company | N8: Industrial gas supplier | O8: Fertilizer supplier
A9: 8 | B9: Rubber and plastics | C9: =[1]Electricity_sales!$C$29 -> 9717.2416 | D9: C10 | E9: =stats_by_economic_sector!B16 -> 1034 | F9: =stats_by_economic_sector!C16 -> 177 | G9: =stats_by_economic_sector!D16 -> 38 | H9: =stats_by_economic_sector!E16 -> 26 | I9: =stats_by_economic_sector!F16 -> 5351 | J9: Rubber products supplier | K9: Foam rubber producer | L9: Plastic fabrication company | M9: Plastic products supplier | N9: Plastic injection molding service | O9: Plastic resin manufacturer | P9: Tyre manufacturer
A10: 9 | B10: Other nonmetallic minerals | C10: =[1]Electricity_sales!$C$30 -> 14496.359 | D10: C11 | E10: =stats_by_economic_sector!B17 -> 1079 | F10: =stats_by_economic_sector!C17 -> 527 | G10: =stats_by_economic_sector!D17 -> 151 | H10: =stats_by_economic_sector!E17 -> 110 | I10: =stats_by_economic_sector!F17 -> 3643 | J10: Cement manufacturer | K10: Ceramic manufacturer | L10: Pottery manufacturer | M10: Glass manufacturer
A11: 10 | B11: Basic metals and fabricated metal | C11: =[1]Electricity_sales!$C$31+[1]Electricity_sales!$C$32 -> 21912.45 | D11: C12 | E11: =stats_by_economic_sector!B18+stats_by_economic_sector!B19 -> 2529 | F11: =stats_by_economic_sector!C18+stats_by_economic_sector!C19 -> 1227 | G11: =stats_by_economic_sector!D18+stats_by_economic_sector!D19 -> 413 | H11: =stats_by_economic_sector!E18+stats_by_economic_sector!E19 -> 371 | I11: =stats_by_economic_sector!F18+stats_by_economic_sector!F19 -> 9952 | J11: Metal fabricator | K11: Metal processing company | L11: Metal industry suppliers | M11: Metal supplier | N11: Steel fabricator | O11: Steel distributor | P11: Stainless steel plant | Q11: Steel construction company | R11: Foundry | S11: Aluminum supplier
A12: 11 | B12: Machinery, nec | C12: =[1]Electricity_sales!$C$33 -> 2077.2687 | D12: C13 | E12: =stats_by_economic_sector!B22 -> 2062 | F12: =stats_by_economic_sector!C22 -> 1083 | G12: =stats_by_economic_sector!D22 -> 226 | H12: =stats_by_economic_sector!E22 -> 217 | I12: =stats_by_economic_sector!F22 -> 6036 | J12: Machining manufacturer | K12: Machinery parts manufacturer | L12: Mechanical plant | M12: Agricultural machinery manufacturer | N12: Industrial equipment supplier | O12: Construction equipment supplier | P12: Food machinery supplier | Q12: Material handling equipment supplier
A13: 12 | B13: Electrical and optical equipment | C13: =[2]Electricity_sales!$C$34+[2]Electricity_sales!$C$35 -> 11799.599 | D13: C14 | E13: =stats_by_economic_sector!B20+stats_by_economic_sector!B21 -> 3475 | F13: =stats_by_economic_sector!C20+stats_by_economic_sector!C21 -> 1401 | G13: =stats_by_economic_sector!D20+stats_by_economic_sector!D21 -> 416 | H13: =stats_by_economic_sector!E20+stats_by_economic_sector!E21 -> 272 | I13: =stats_by_economic_sector!F20+stats_by_economic_sector!F21 -> 15154 | J13: Electronics manufacturer | K13: Electrical equipment manufacturer | L13: Electronic parts supplier | M13: Semi conductor supplier | N13: Optical products manufacturer | O13: Telecommunications equipment supplier
A14: 13 | B14: Transport equipment | C14: =[1]Electricity_sales!$C$38 -> 962.94697 | D14: C15 | E14: =stats_by_economic_sector!B23+stats_by_economic_sector!B24 -> 4562 | F14: =stats_by_economic_sector!C23+stats_by_economic_sector!C24 -> 1823 | G14: =stats_by_economic_sector!D23+stats_by_economic_sector!D24 -> 490 | H14: =stats_by_economic_sector!E23+stats_by_economic_sector!E24 -> 313 | I14: =stats_by_economic_sector!F23+stats_by_economic_sector!F24 -> 14938 | J14: Car manufacturer | K14: Car factory | L14: Auto parts manufacturer | M14: Auto body parts supplier | N14: Shipyard | O14: Shipping company
A15: 14 | B15: Manufacturing, nec; recycling | C15: =[2]Electricity_sales!$C$36+[2]Electricity_sales!$C$37+[2]Electricity_sales!$C$39+[2]Electricity_sales!$C$40 -> 3017.3186 | D15: C16 | E15: =stats_by_economic_sector!B25+stats_by_economic_sector!B26+stats_by_economic_sector!B27 -> 34992 | F15: =stats_by_economic_sector!C25+stats_by_economic_sector!C26+stats_by_economic_sector!C27 -> 13983 | G15: =stats_by_economic_sector!D25+stats_by_economic_sector!D26+stats_by_economic_sector!D27 -> 4485 | H15: =stats_by_economic_sector!E25+stats_by_economic_sector!E26+stats_by_economic_sector!E27 -> 3941 | I15: =stats_by_economic_sector!F25+stats_by_economic_sector!F26+stats_by_economic_sector!F27 -> 151229 | J15: Furniture manufacturer | K15: Recycling center | L15: Tool manufacturer | M15: Cosmetic products manufacturer | N15: Metalware producer | O15: Packaging company

Sheet stats_by_economic_sector
B1: 2023
B2: From 10 to under 50 bill. dongs | C2: From 50 to under 200 bill. dongs | D2: From 200 to under 500 bill. Dongs | E2: From 500 bill. dongs and over | F2: Total
A3: Manufacture of tobacco products | B3: 3 | C3: 3 | D3: 9 | E3: 9 | F3: 24
A4: Manufacture of coke and refined petroleum products | B4: 12 | C4: 11 | D4: 3 | E4: 9 | F4: 50
A5: Manufacture of pharmaceuticals, medicinal chemical and botanical products | B5: 132 | C5: 114 | D5: 58 | E5: 62 | F5: 590
A6: Manufacture of motor vehicles; trailers and semi-trailers | B6: 154 | C6: 141 | D6: 93 | E6: 112 | F6: 644
A7: Manufacture of other transport equipment | B7: 163 | C7: 110 | D7: 58 | E7: 71 | F7: 685
A8: Manufacture of beverages | B8: 270 | C8: 89 | D8: 39 | E8: 56 | F8: 1780
A9: Manufacture of basic metals | B9: 462 | C9: 287 | D9: 139 | E9: 158 | F9: 1632
A10: Manufacture of electrical equipment | B10: 484 | C10: 328 | D10: 177 | E10: 187 | F10: 1930
A11: Manufacture of computer, electronic and optical products | B11: 573 | C11: 411 | D11: 191 | E11: 333 | F11: 2522
A12: Manufacture of machinery and equipment n.e.c | B12: 682 | C12: 258 | D12: 78 | E12: 59 | F12: 2323
A13: Manufacture of leather and related products | B13: 685 | C13: 346 | D13: 121 | E13: 156 | F13: 2909
A14: Other manufacturing | B14: 706 | C14: 261 | D14: 110 | E14: 75 | F14: 3030
... A27: Manufacturing | B27: 27538 | C27: 11381 | D27: 3665 | E27: 3276 | F27: 118890

Sheet stats_by_province_2023
A1: Province | B1: From 10 to under 50 bill. dongs | C1: From 50 to under 200 bill. dongs | D1: From 200 to under 500 bill. Dongs | E1: From 500 bill. dongs and over
A2: WHOLE COUNTRY | B2: 177750 | C2: 48260 | D2: 11950 | E2: 10639
A3: Red River Delta | B3: 58264 | C3: 16632 | D3: 3991 | E3: 3799
A4: Ha Noi | B4: 35966 | C4: 9484 | D4: 2235 | E4: 2227
A5: Vinh Phuc | B5: 2066 | C5: 565 | D5: 130 | E5: 145
A6: Bac Ninh | B6: 3633 | C6: 1226 | D6: 326 | E6: 223
A7: Quang Ninh | B7: 2187 | C7: 638 | D7: 158 | E7: 173
A8: Hai Duong | B8: 2174 | C8: 675 | D8: 150 | E8: 164
A9: Hai Phong | B9: 4386 | C9: 1320 | D9: 353 | E9: 302
A10: Hung Yen | B10: 1983 | C10: 778 | D10: 200 | E10: 220
A11: Thai Binh | B11: 1455 | C11: 409 | D11: 102 | E11: 62
A12: Ha Nam | B12: 1264 | C12: 552 | D12: 136 | E12: 125
A13: Nam Dinh | B13: 1929 | C13: 528 | D13: 82 | E13: 49
... A72: Nec. | B72: 3 | C72: 11 | D72: 15 | E72: 105

Sheet data_source
A1: Data source | B1: https://www.nso.gov.vn/en/enterprises/
A2: stats_by economic_sector | B2: https://www.nso.gov.vn/en/px-web/?pxid=E0528&theme=Enterprise
A3: stats_by_province | B3: https://www.nso.gov.vn/en/px-web/?pxid=E0529&theme=Enterprise
